"Connected as reseller ""%1"" with %2 credits.","Connected as reseller ""%1"" with %2 credits."
"This order no longer exists.","This order no longer exists."
"%1 Xtream UI Pro unit(s) processed.","%1 Xtream UI Pro unit(s) processed."
"Nothing to do: every Xtream UI Pro unit of this order is already done.","Nothing to do: every Xtream UI Pro unit of this order is already done."
"Not an Xtream UI Pro product","Not an Xtream UI Pro product"
"IPTV line","IPTV line"
"Sub-reseller account / credits","Sub-reseller account / credits"
"-- None --","-- None --"
"The Xtream UI Pro connector is not configured (Stores > Configuration > Services > Xtream UI Pro).","The Xtream UI Pro connector is not configured (Stores > Configuration > Services > Xtream UI Pro)."
"Another process is working on this order. Try again in a minute.","Another process is working on this order. Try again in a minute."
"Unexpected error, see var/log/xtreampro.log.","Unexpected error, see var/log/xtreampro.log."
"No Xtream UI Pro package is selected on the product.","No Xtream UI Pro package is selected on the product."
"Xtream UI Pro: line #%1 (%2) created for ""%3"", unit %4.","Xtream UI Pro: line #%1 (%2) created for ""%3"", unit %4."
"A sub-reseller account needs a registered customer. The customer has to order while signed in.","A sub-reseller account needs a registered customer. The customer has to order while signed in."
"Xtream UI Pro: reseller account %1 created for ""%2"".","Xtream UI Pro: reseller account %1 created for ""%2""."
"Xtream UI Pro: %1 credits given to the reseller account for ""%2"", unit %3.","Xtream UI Pro: %1 credits given to the reseller account for ""%2"", unit %3."
"Xtream UI Pro: could not provision ""%1"" (unit %2): %3","Xtream UI Pro: could not provision ""%1"" (unit %2): %3"
"Xtream UI Pro: line #%1 %2.","Xtream UI Pro: line #%1 %2."
"disabled","disabled"
"was already gone from the panel","was already gone from the panel"
"Xtream UI Pro: could not revoke ""%1"" (unit %2), it will be tried again: %3","Xtream UI Pro: could not revoke ""%1"" (unit %2), it will be tried again: %3"
"Xtream UI Pro: %1 credits taken back for ""%2"".","Xtream UI Pro: %1 credits taken back for ""%2""."
"Xtream UI Pro: could not take back %1 credits for ""%2"" (they may already be spent): %3","Xtream UI Pro: could not take back %1 credits for ""%2"" (they may already be spent): %3"
"Xtream UI Pro: reseller account disabled.","Xtream UI Pro: reseller account disabled."
"Xtream UI Pro: reseller account was already gone from the panel.","Xtream UI Pro: reseller account was already gone from the panel."
"Provision Xtream UI Pro again","Provision Xtream UI Pro again"
"Test connection","Test connection"
"Uses the values typed above, even if they are not saved yet.","Uses the values typed above, even if they are not saved yet."
"Testing...","Testing..."
"The test could not be run (is your admin session still open?).","The test could not be run (is your admin session still open?)."
"You have no IPTV subscriptions yet.","You have no IPTV subscriptions yet."
"Your IPTV subscriptions","Your IPTV subscriptions"
"Your IPTV subscription","Your IPTV subscription"
"Order #%1","Order #%1"
"unit %1","unit %1"
"Status","Status"
"Being set up. Please check back in a few minutes.","Being set up. Please check back in a few minutes."
"Cancelled or refunded.","Cancelled or refunded."
"Server URL","Server URL"
"Username","Username"
"Password","Password"
"Playlist URL","Playlist URL"
"Web player","Web player"
"Reseller username","Reseller username"
"Credits added by this purchase","Credits added by this purchase"
"Current credit balance","Current credit balance"
"Sign in","Sign in"
"Provision Xtream UI Pro lines again","Provision Xtream UI Pro lines again"
"Xtream UI Pro connector settings","Xtream UI Pro connector settings"
"Xtream UI Pro","Xtream UI Pro"
"Reseller API","Reseller API"
"The connector sells lines and sub-reseller accounts through the Reseller API of your Xtream UI Pro panel, with the API key of one reseller account. Creating and renewing is charged to that reseller's credits in the panel.","The connector sells lines and sub-reseller accounts through the Reseller API of your Xtream UI Pro panel, with the API key of one reseller account. Creating and renewing is charged to that reseller's credits in the panel."
"API URL","API URL"
"Address of the panel's API (cmd/api), for example https://api.example.com. Without /reseller/v1. Use https: certificates are always verified.","Address of the panel's API (cmd/api), for example https://api.example.com. Without /reseller/v1. Use https: certificates are always verified."
"API key","API key"
"The reseller's API key (panel dashboard, page /api-key). Only reseller accounts work. It is stored encrypted.","The reseller's API key (panel dashboard, page /api-key). Only reseller accounts work. It is stored encrypted."
"Panel address (optional)","Panel address (optional)"
"Dashboard address shown to customers who bought a sub-reseller account, for example https://panel.example.com. Empty = no sign-in link.","Dashboard address shown to customers who bought a sub-reseller account, for example https://panel.example.com. Empty = no sign-in link."
"Connection","Connection"
"My IPTV","My IPTV"
